<?xml version="1.0" encoding="UTF-8"?>
<beans xmlns="http://www.springframework.org/schema/beans" xmlns:xsi="http://www.w3.org/2001/XMLSchema-instance"
	xmlns:p="http://www.springframework.org/schema/p"
	xmlns:context="http://www.springframework.org/schema/context"
	xsi:schemaLocation="http://www.springframework.org/schema/beans http://www.springframework.org/schema/beans/spring-beans-4.0.xsd
				http://www.springframework.org/schema/context http://www.springframework.org/schema/context/spring-context-4.0.xsd">

    <!-- scan component -->
    <context:component-scan base-package="lab"/>
    
    <!-- set view resolver -->
    <bean  class="org.springframework.web.servlet.view.InternalResourceViewResolver"
        p:prefix="/WEB-INF/jsp/" p:suffix=".jsp" />
    
    <!-- set RequestMappingHandlerMapping -->
    <!-- <bean class="org.springframework.web.servlet.mvc.method.annotation.RequestMappingHandlerMapping">
    	 
        <property name="interceptors">
            <list>
                <ref bean="localeChangeInterceptor"/>
            </list>
        </property>
        
    </bean>
    <bean class="org.springframework.web.servlet.mvc.method.annotation.RequestMappingHandlerAdapter" />    
     -->
     
   <!-- setting Locale -->
   <!-- 
   <bean id="localeResolver" class="org.springframework.web.servlet.i18n.SessionLocaleResolver" />
     
   <bean id="localeChangeInterceptor" class="org.springframework.web.servlet.i18n.LocaleChangeInterceptor"
        p:paramName="language" />
	 -->
    <!-- set message source --> 
    <!-- <bean id="messageSource" class="org.springframework.context.support.ResourceBundleMessageSource">
        <property name="basenames">
            <list>
                <value>messages.message-common</value>
            </list>
        </property>
    </bean>
     -->
</beans>
