<?xml version="1.0" encoding="UTF-8"?>
<beans xmlns="http://www.springframework.org/schema/beans" xmlns:xsi="http://www.w3.org/2001/XMLSchema-instance"
	xsi:schemaLocation="http://www.springframework.org/schema/beans http://www.springframework.org/schema/beans/spring-beans-4.0.xsd">

	<bean id="sqlSession" class="org.mybatis.spring.SqlSessionFactoryBean">
	    <property name="dataSource" ref="dataSource" />	    
		<property name="configLocation" value="classpath:/META-INF/sqlmap/sql-mybatis-config.xml" />
		<property name="mapperLocations" value="classpath:/META-INF/sqlmap/mappers/lab-*.xml" />		
		
		<!-- <property name="mapperLocations">
			<list>
				<value>classpath:/META-INF/sqlmap/mappers/lab-*.xml</value>
			</list>		 
		</property>	 -->	
	</bean>

</beans>	
